name,brand,price,old_price
"Huawei P50 Pocket, 8GB, 256 GB, LTE,  White",Huawei,6499.9,
"Huawei P50 Pro, 8GB, 256 GB, LTE, Cocoa Gold",Huawei,5499.9,
"Huawei P50 Pro, 8GB, 256 GB, LTE, Golden Black",Huawei,5499.9,
"Casti On-ear JBL Tune 510BT, Bluetooth, Microfon,  pana la 40 de ore de functionare, Roz",JBL,229.9,"259,90"
"Acumulator extern Hama Supreme 24HD, 24000 mAh, Negru",Hama,179.9,
"Acumulator extern Hama Supreme 10HD, 10000 mAh, Negru",Hama,99.9,
Baterie externa portabila Logic G102 20000mAh,Logic,89.9,
"Baterie externa portabila Logic G101, 10000 mAh",Logic,69.9,
"Telefon mobil Allview M10 Jump, Dual SIM, 3G, Black",Allview,219.9,"249,90"
"Telefon mobil Allview H4 Join, Dual SIM, Black",Allview,149.9,"169,90"
"Smartphone Apple iPhone 13 mini 128GB, Midnight",Apple,4049.9,
"Telefon mobil Xiaomi Mi 11 Lite, Dual SIM, 128GB, 8GB RAM, 5G, Truffle Black",Xiaomi,1999.9,
"Casti in-ear Samsung EO-IA500BBEGWW, Black",Samsung,37.9,
"Casti TW Huawei Freebuds Lipstick, Rosu",Huawei,1099.9,
"Bratara fitness Amazfit Band 5, SpO2, sensor OrangeÂ ",,109.9,"110,90"
"Smartwatch Amazfit T-Rex, Green",Amazfit,499.9,
Smartwatch Amazfit GTS Orange,Amazfit,399.9,
"Smartwatch Amazfit GTS, Blue",Amazfit,439.9,
"Smartwatch Amazfit GTR-47mm, Steel",Amazfit,419.9,"449,90"
"Smartwatch Amazfit GTR-42mm, Black",Amazfit,389.9,"429,90"
"Casti bluetooth Logic TWS1, Bluetooth 5.1, Negru",Logic,69.9,"99,90"
"Casti Jabra Elite 2, Bluetooth, Bleumarin",Jabra,229.9,"290,90"
"Casti Jabra Elite 2 Bluetooth, Gri",Jabra,229.9,"290,90"
"Smartwatch Huawei GT 3 Milo-B19v,  Light Gold/ Milanese Strap",Huawei,1399.9,
"Smartwatch Huawei GT 3 Milo-B19T,  Light Gold/ White Leather Strap",Huawei,1199.9,
"Smartwatch Huawei GT 3 Jupiter-B19T, Stainless Steel / Stainless Steel Strap",Huawei,1499.9,
"Smartwatch Huawei Watch GT 3 Jupiter-B19S, Black / Black Fluor elastomer Strap",Huawei,1199.9,
"Incarcator  auto Poss PSCACPD20BK, 20 W, Type C, Negru",Poss,19.9,
"Incarcator retea Poss PSWCPD20WH, 20W, Type C, Alb",Poss,29.9,
"Telefon mobil Realme C11, Dual SIM, 32GB, 4G, Albastru",Realme,599.9,
"Telefon mobil Realme C11, Dual SIM, 32GB, 4G, Gri",Realme,599.9,
"Telefon mobil Realme C25Y, 4GB RAM, 128GB, Glacier Blue",Realme,949.9,
"Telefon mobil Realme C25Y, 4GB RAM, 128GB, Metal Grey",Realme,949.9,
Samsung S10 128 Dual SIM Silver Reconditionat Grade Premium,Samsung,1999.9,
Samsung S10 128 Dual SIM Black Reconditionat Grade Premium,Samsung,2100.9,
Samsung S9+ 64 Dual SIM Black Reconditionat Grade Premium,Samsung,1499.9,
Samsung S9 64 Dual SIM Violet Reconditionat Grade Premium,Samsung,1349.9,
Samsung S9 64 Dual SIM Blue Reconditionat Grade Premium,Samsung,1349.9,
iPhone 11 64 White Reconditionat Grade Premium,Apple,2599.9,
iPhone X 256 Silver Reconditionat Grade Premium,Apple,2269.9,
iPhone X 256 Space Gray Reconditionat Grade Premium,Apple,2269.9,
iPhone X 64 Space Gray Reconditionat Grade Premium,Apple,1899.9,
iPhone XS 64 Gold Reconditionat Grade Premium,Apple,2279.9,
iPhone XS 64 Silver Reconditionat Grade Premium,Apple,2279.9,
iPhone 8+ 64 Silver Reconditionat Grade Premium,Apple,1759.9,
iPhone 8 256 Black Reconditionat Grade Premium,Apple,1489.9,
iPhone 8 64 Gold Reconditionat Grade Premium,Apple,1149.9,
iPhone 8 64 Silver Reconditionat Grade Premium,Apple,1149.9,
iPhone 8 64 Silver Reconditionat Grade Premium,Apple,1149.9,
iPhone 7 128 Gold Reconditionat Grade Premium,Apple,1169.9,
iPhone 7 128 Silver Reconditionat Grade Premium,Apple,1169.9,
iPhone 7 128 Black Reconditionat Grade Premium,Apple,1169.9,
iPhone 7 32 Silver Reconditionat Grade Premium,Apple,849.9,
Cablu Omega USB 3.0 TYPE-C TO USB CABLE 3A 1M BLACK - OUAC31,Hama,19.9,
"Cablu date HAMA 135784, Type C, 0.75m, Black",Hama,39.9,
"Banderola Hama Active XXL pentru telefon, prindere pe brat, Albastru",Hama,59.9,
"Carcasa impermeabila pentru smartphone Hama Playa, XXL",Hama,39.9,
"Selfie stick Hama Funstand 57, Declansator Bluetooth, Negru",Hama,79.9,
Telefon Mobil Nokia 6310 (2021) Dual Sim Negru,Nokia,249.9,"268,90"
"Telefon mobil Nokia 6300, Dual SIM, 4GB, 4G, Negru",Nokia,289.9,
"Smartwatch E-boda Epoch T300, Green",E-BODA,349.9,
Suport auto mobil Platinet PUCHMB cu brat reglabil si incarcare fara fir,,44.9,
Suport Auto pentru Telefon cu Fixare pe Tetier? Ajustabil Baseus,,39.9,
"Suport auto Lemontti Gravity cu prindere pe ventilatie, Negru",,34.9,
"Suport Auto Lemontti Ventilatie, Negru",,24.9,
"Suport auto parbriz Lemontti Magnetic, Ventuza, Negru",,44.9,
"Incarcator auto Platinet PLCRVT 2xusb, 2.4a",PLATINET,34.9,
"Incarcator retea Hama, Type C, negru",Hama,59.9,
"Incarcator auto Hama 210589, 1xUSB, 1xType C, Power Delivery, negru",Hama,44.9,
"Incarcator auto Hama 210503, Lightning, alb",Hama,64.9,
"Incarcator auto Hama , Type C, 12 W, Negru",Hama,39.9,
"Incarcator auto Hama, Type-C, 20W, Negru",Hama,99.9,
"Incarcator retea Hama USB-C Power Delivery (PD) / Qualcomm, 20 W, alb",Hama,99.9,
"Incarcator retea Hama USB-C Power Delivery (PD) / Qualcomm, 20 W, alb",Hama,64.9,
"Incarcator retea Hama 33 W, 4 cai (1 x QC3.0, 3x USB-A), Negru",Hama,69.9,
"Incarcator retea Lemontti PD Type-C + USB Quick Charge 20W, output USB + Type-C 3.4A max, QC3.0, White",Lemontti,49.9,
"Casti audio In-Ear Hama Basic4Phone 184105, Cu Fir, Microfon, Type C, negru",Hama,49.9,
"Casti audio In-Ear Philips, TAE4105BK/00, cu fir, Microfon, Negru",PHILIPS,99.9,
"Casti audio In-Ear Xiaomi Redmi Buds 3 Pro, True Wireless, Bluetooth, Microfon, Noise Cancelling, gri",Xiaomi,299.9,
"Casti audio In-Ear Xiaomi Redmi Buds 3 Pro, True Wireless, Bluetooth, Microfon, Noise Cancelling, negru",Xiaomi,299.9,
"Casti audio Bluetooth In Ear JBL Tune 110, Wireless, Bluetooth, Autonomie 6 ore, Alb",JBL,129.9,
"Casti audio Bluetooth In Ear JBL Tune 110, Wireless, Bluetooth, Autonomie 6 ore, Gri",JBL,129.9,
"Casti audio Bluetooth In Ear JBL Tune 110, Wireless, Bluetooth, Autonomie 6 ore, Negru",JBL,129.9,
"Casti in ear Sony WIC200B, Wireless, Bluetooth, Negru",Sony,99.9,"129,90"
"Casti stereo Fiesta FISEMW10, USB de tip C, alb",Fiesta,24.9,
Casti stereo Fiesta FISEMW20 cu conector Lightning alb,Fiesta,24.9,
"Casti in-ear Sbox EP-003, White",sBox,14.9,
"Casti in-ear Sbox EP-003, Blue",sBox,14.9,
"Casti in-ear Sbox EP-003, Black",sBox,14.9,
"Casti bluetooth Samsung Galaxy Buds2, Alb",Samsung,599.9,
"Casti bluetooth Samsung Galaxy Buds2, Negru",Samsung,599.9,
"Baterie externa Hama Supreme 20HD, 20000 mAh, Negru",Hama,159.9,
"Baterie externa Hama Fabric 10, 10000 mAh, Rosu",Hama,69.9,
"Baterie externa Hama ALU15HD, 15000mAh, Gri",Hama,119.9,
"Baterie externa Hama Fabric 10, 10000 mAh, Negru",Hama,69.9,
"Smartphone Samsung Galaxy S9, 64 GB, Reconditionat, Negru",Samsung,1349.9,
"Smartphone Apple iPhone 11, 64 GB, Reconditionat, Negru",Apple,2599.9,
"Smartphone Apple Iphone XS, 64 GB, Reconditionat, Gri",Apple,2279.9,
"Smartphone Apple Iphone 8+, 64 GB, Reconditionat, Space Grey",Apple,1759.9,
"Smartphone Apple Iphone 8, 64 GB, Reconditionat, Space Grey",Apple,1149.9,
"Smartphone Apple Iphone 7, 32 GB, Reconditionat, Space Grey",Apple,849.9,
"Smartwatch E-boda T200, Dark Sand",E-BODA,199.9,
"Sterilizator UV Poss PSSB01WH, pentru telefoane mobile",,99.9,
"Incarcator wireless Hama QI-FC10, set 2 bucati, Negru",Hama,79.9,
"Casti audio In-Ear Hama Voice Sport, Bluetooth 4.2, Microfon, Ear hook, Negru/Argintiu",Hama,34.9,"39,90"
"Smartwatch Samsung Watch 4 SM-R860NZDAEUE, 40mm, Android, Pink Gold",Samsung,1049.9,"1.099,90"
"Smartwatch Samsung Watch 4 SM-R870NZKAEUE, 44mm, Android, Black",Samsung,1179.9,"1.299,90"
"Smartphone Huawei NOVA 9, 128GB, 8GB Ram, 4G, Black",Huawei,2499.9,
"Smartphone Huawei NOVA 8i, 128GB, 6GB Ram, 4G, Black",Huawei,1499.9,
"Smartphone Samsung A03, 32GB, 3GB Ram,4G, Black",Huawei,799.9,
"Smartphone Samsung A03, 32GB, 3GB Ram, 4G, White",Samsung,799.9,
"Smartphone Samsung A03, 32GB, 3GB Ram, 4G, Blue",Samsung,799.9,
"Cablu spiralat pentru telefon Tellur TLL155394, incarcare/sincronizare, USB to Micro USB, 2A, 1.8m, Negru",Tellur,28.9,
"Cablu spiralat pentru telefon Tellur TLL155395, incarcare/sincronizare, USB to Type-C, 3A, 1.8m, Negru",Tellur,28.9,
"Cablu spiralat pentru telefon Tellur TLL155396, incarcare/sincronizare, USB to Lightning, 3A, 1.8m, Negru",Tellur,32.9,
"Telefon mobil Samsung Galaxy A12, 32GB, 3GB RAM, Nacho Black",Samsung,849.9,
"Telefon mobil Samsung Galaxy A12, 64GB, 4GB RAM, Nacho Blue",Samsung,949.9,
"Telefon mobil Samsung Galaxy A12, 64GB, 4GB RAM, Nacho Black",Samsung,949.9,
"Telefon mobil Samsung Galaxy A12, 32GB, 3GB RAM, Nacho Blue",Samsung,849.9,
"Telefon mobil Samsung Galaxy A12, 32GB, 3GB RAM, Nacho White",Samsung,849.9,
"Telefon mobil Samsung Galaxy A52S, 5G, 128GB, 6GB RAM, Black",Samsung,2099.9,
"Casti In-Ear Sony MDREX15APB, Cu fir, Negru",,59.9,
"Casti Audio in ear JBL Tune 110, Cu fir, Negru",JBL,49.9,
"Casti Audio in ear JBL Tune 110, Cu fir, Albastru",JBL,49.9,
"Casti audio pentru copii Philips SHK2000BL/00, cu fir, Albastru",,99.9,
"Casti audio pentru copii Philips SHK2000PK/00, cu fir, Roz",PHILIPS,99.9,
"Casti bluetooth New One TW80, True wireless, Negru",,79.9,
"Casti bluetooth Poss PSTWS219, True wireless, Negru",Poss,49.9,
"Casti bluetooth McDodo HP5300, True wireless, Alb",,139.9,
"Tripod flexibil pentru mobil, Omega OT01, 3.5""-6"", rotativ 360 grade, Negru",,19.9,
"Smartphone Allview Soul X7 Pro, Dual SIM, 64GB, 4G, Negru",Allview,899.9,
"Casti pentru copii On-ear JBL JR310BT, Bluetooth, Microfon, Rosu",JBL,199.9,
"Cablu USB Sbox USB-A/Mini USB, 2m, Negru",,12.9,
"Cablu USB Sbox Type-C M/M, 1.5m, Alb",,39.9,
"Casti bluetooth Huawei FreeBuds 4 Hero, True wireless, Silver Frost",Huawei,649.9,
"Casti bluetooth Huawei FreeBuds 4 Hero, True wireless, Ceramic White",Huawei,649.9,
"Casti bluetooth in-ear JBL Wave 100TWS, Bluetooth, True Wireless, Deep Bass, autonomie 20 ore, White",JBL,239.9,
"Casti bluetooth in-ear JBL Wave 100TWS, Bluetooth, True Wireless, Deep Bass, autonomie 20 ore, Negru",JBL,239.9,
"Telefon mobil Allview Luna M20, Dual SIM, Negru",Allview,119.9,
"Smartphone Cubot Note 7, Dual SIM, 16GB, 4G, Negru",Cubot,449.9,
"Casti True wireless Lemontti LEMCTWW, Bluetooth 5.0, Microfon, Noise cancelling, Alb",Logic,69.9,"89,90"
"Casti wireless Platinet PM1040W, bluetooth 5.0, autonomie 4 ore, Alb",PHILIPS,79.9,"89,90"
"Casti in-ear Samsung IC100, Type-C, Alb",Samsung,79.9,
"Casti in-ear Samsung IC100, Type-C, Negru",Samsung,79.9,
"Casti Audio In-Ear Philips, TAE1105WH/00, cu fir, Microfon, Albastru",PHILIPS,44.9,
"Casti Audio In-Ear Philips, TAE1105PK/00, cu fir, Microfon, Roz",PHILIPS,44.9,
"Casti Audio In-Ear Philips, TAE1105BL/00, cu fir, Microfon, Albastru",PHILIPS,44.9,
"Casti Audio In-Ear Philips, TAE1105BK/00, cu fir, Microfon, Negru",PHILIPS,44.9,
"Casti in ear Thompson Picolino, microfon, Albastru",Thompson,14.9,
"Casti in ear JBL 210, microfon, Negru",JBL,79.9,
"Casti in ear JBL 210, microfon, Gri",JBL,79.9,
"Casti Audio Over-Ear Philips, TAH2005BK/00, cu fir, Negru",PHILIPS,109.9,
"Casti bluetooth Philips TAH4205BL/00, Wireless, Albastru",PHILIPS,199.9,
"Casti bluetooth Philips TAH4205BK/00, Wireless, Negru",PHILIPS,199.9,
"Smartwatch Xiaomi Mi Watch LITE, Blue",Xiaomi,279.9,
Bratara fitness Xiaomi Mi Band 6,Xiaomi,199.9,
"Casti audio Poss PSH831BK, over ear, Negru",Poss,29.9,
"Bratara fitness HUAWEI Band 6, Sakura Pink",Huawei,269.9,
"Bratara fitness Huawei Band 6, Graphite Black",Huawei,269.9,
"Smartwatch Huawei Watch Fit Elegant STIA-B29, Frosty White",Huawei,439.9,
"Smartwatch Huawei Watch Fit Elegant STIA-B29, Midnight Black",Huawei,439.9,
"Casti bluetooth Muse M-215 BTB,  autonomie 13 ore, Albastru",Muse,89.9,
"Casti bluetooth Muse M-215 BTP,  autonomie 13 ore, Roz",Muse,89.9,
"Smartwatch Huawei Watch 3 Pro, 48 mm, Titanium, curea Metal",Huawei,2049.9,"2.179,90"
"Smartwatch Huawei Watch 3 Pro, 48 mm, Argintiu, curea Brown Leather",Huawei,1629.9,"1.749,90"
"Smartwatch Huawei Watch 3, 46 mm, Argintiu, curea Brown Leather",Huawei,1449.9,"1.459,90"
"Smartwatch Huawei Watch 3, 46 mm, Negru",Huawei,1449.9,"1.459,90"
"Casti bluetooth Hama Freedom Light, In-Ear, True Wireless, Microfon, Alb",,74.9,"99,90"
"Casti bluetooth Hama Freedom Light, In-Ear, True Wireless, Microfon, Negru",Hama,89.9,
"Casti bluetooth Huawei FreeBuds Pro, In-Ear, Microfon, True wireless, Carcasa Incarcare Wireless, Noise Cancelling, Silver",Huawei,899.9,
"Casti bluetooth Huawei FreeBuds Pro, In-Ear, Microfon, True wireless, Carcasa Incarcare Wireless, Noise Cancelling, Black",Huawei,899.9,
"Casti bluetooth Huawei FreeBuds Pro, In-Ear, True wireless, Microfon, Carcasa Incarcare Wireless, Noise Cancelling, White",Huawei,899.9,
"Bratara fitness Huawei Band 4 Pro, Black",Huawei,349.9,
"Husa telefon Samsung S21 Ultra, silicon, Negru",Samsung,89.9,
"Smartwatch Huawei Watch GT2e, 46mm, Lava Red",Huawei,599.9,
"Smartwatch Huawei Watch GT2e, 46mm, Mint Green",Huawei,599.9,
"Smartwatch Huawei Watch GT 2 B19, 42mm, Champagne Gold",Huawei,749.9,
"Smartwatch Huawei Watch GT 2 Pro B19V, Gri",Huawei,999.9,"1.059,90"
"Smartwatch Huawei B09 Black, ecran Amoled, compatibil Android si iOS, Rezistent la apa 5 atm, Negru",Huawei,359.9,
"Bratara fitness Xiaomi Mi Band 4C, Fitness Monitor, senzor PPG, Negru",Xiaomi,79.9,
"Casti On-ear JBL Tune 510BT, Bluetooth, Microfon,  pana la 40 de ore de functionare, Alb",JBL,229.9,
"Casti On-ear JBL Tune 510BT, Bluetooth, Microfon,  pana la 40 de ore de functionare, Negru",JBL,229.9,
"Casti audio cu fir Tellur Pixy, Albastru",Tellur,23.9,
"Casti audio cu fir Tellur Pixy, Roz",Tellur,23.9,
"Casti in-ear cu fir Tellur Basic Lyric, microfon, Negru",Tellur,19.9,
Husa din silicon pentru casti Logic,Logic,23.9,
"Casti audio On-ear Philips TAH4105BK, cu fir, microfon, Negru",PHILIPS,149.9,
"Casti audio On-ear Philips TAH4105BL, cu fir, microfon, Albastru",PHILIPS,149.9,
"Casti audio On-ear Philips TAH4105RD, cu fir, microfon, Rosu",PHILIPS,149.9,
"Casti audio On-ear Philips TAH4105WT, cu fir, microfon, Alb",PHILIPS,149.9,
"Casti audio On-Ear Philips TAUH202BK, Bluetooth, Autonomie 15h, Negru",PHILIPS,179.9,
"Casti audio On-Ear Philips TAUH202WT, Bluetooth, Autonomie 15h, Alb",PHILIPS,179.9,
"Casti audio in ear Philips SHE3555RD, Microfon, Rosu",PHILIPS,40.9,
Suport auto bord Logic,Logic,24.9,
"Suport magnetic de telefon Tellur Basic MCM7, pentru ventilatie, negru",Tellur,19.9,
"Suport magnetic de telefon Tellur Basic MCM7, pentru ventilatie, rosu",Tellur,19.9,
"Suport magnetic de telefon pentru ventilatie Tellur MCM4, auriu",Tellur,14.9,
"Suport magnetic de telefon pentru ventilatie Tellur MCM4, rosu",Tellur,14.9,
"Suport magnetic de telefon pentru ventilatie Tellur MCM4, albastru",Tellur,14.9,
"Suport magnetic de telefon pentru ventilatie Tellur MCM4, argintiu",Tellur,14.9,
"Suport magnetic de telefon pentru ventilatie Tellur MCM4, negru",Tellur,14.9,
"Suport magnetic de telefon pentru ventilatie Tellur MCM3, negru",Tellur,9.9,
"Suport magnetic universal de telefon Tellur MUM, negru",Tellur,39.9,
"Casti bluetooth Huawei FreeBuds 4i, Anulare activa a zgomotului, 10 ore, Alb",Huawei,359.9,
"Casca bluetooth Tellur Vox 55 TLL511321, Negru",Tellur,56.9,
"Cablu Type-C/Type-C Tellur TLL155374 PD60, 1m, Negru",Tellur,29.9,
"Cablu lightning Tellur TLL155354, 1.2, LED, Rosu",Tellur,24.9,
"Cablu lightning Tellur TLL155364, 1.2m, LED, Albastru",Tellur,24.9,
"Cablu USB Type-C, Tellur TLL155393, 1m, Magnetic, Negru",Tellur,26.9,
"Cablu microUSB Tellur TLL155383, 1m, Magnetic, Negru",Tellur,22,
"Cablu lightning Tellur TLL155373, 1.2m, LED, Negru",Tellur,24.9,
"Cablu microUSB Tellur TLL155353, 1.2m, LED, Negru",Tellur,21.9,
"Cablu USB Type-C Tellur TLL155363, 1.2m, LED, Negru",Tellur,24.9,
"Cablu USB Type-C Tellur TLL155381, 1m, Denim, Albastru",Tellur,28.9,
"Cablu microUSB Tellur TLL155371, 1m, Denim, Albastru",Tellur,24.9,
"Power bank Tellur PD200, 20.000 mAh, display, Negru",Tellur,95,
"Casti audio on ear Panasonic HF520BLK, Extra Bass Wireless, on-ear, Negru",Panasonic,249.9,
"Casti audio on ear Panasonic RB-HF420WHT, Extra Bass Wireless, on-ear, Alb",Panasonic,199.9,
"Casti audio on ear Panasonic HF420BLK, Extra Bass Wireless, on-ear, Negru",Panasonic,199.9,
"Casti audio on ear Panasonic HF420BLU, Extra Bass Wireless, on-ear, Albastru",Panasonic,199.9,
"Tableta Huawei MediaPad T3, LTE, 16GB, 2GB Ram, Quad Core, Display 9.6"", Gold",Huawei,679.9,
"Cover Samsung S21 Ultra, Silicon, Violet",Samsung,89.9,
"Cover Samsung S21 Ultra, Clear + Stand",Samsung,89.9,
"Cover Samsung S21 Ultra, Clear",Samsung,59.9,
"Cover Samsung S21+, Silicon, Violet",Samsung,89.9,
"Cover Samsung S21+, Clear",Samsung,49.9,
"Cover Samsung S21, Silicon, Violet",Samsung,89.9,
"Cover Samsung S21, Silicon, Negru",Samsung,89.9,
"Cover Samsung S21, Clear",Samsung,59.9,
"Cablu Huawei USB/Type C, 1 m, Alb",Huawei,24.9,
"Cablu Samsung USB/Type C, 1.5 m, Negru",Samsung,29.9,
"Senzor bluetooth temperatura Logic, Albastru",Logic,81.9,
"Senzor bluetooth  temperatura Logic, Roz",Logic,81.9,
"Curea silicon Logic pentru Samsung Active, Portocaliu",,29.9,
"Curea silicon Logic pentru Samsung Active, Albastru",,29.9,
"Suport auto Logic, Negru",Logic,20.9,
"Cablu de incarcare Logic Lightning /USB, 1 m, Alb",Logic,19.9,
"Cablu de date Logic MicroUSB, 2 m, Alb",Logic,17.9,
"Cablu USB Logic, Type C/USB, 1 m, Alb",Logic,19.9,
"Casti bluetooth Samsung Galaxy Buds Pro, Violet",Samsung,849.9,"1.099,90"
"Smartwatch Huawei Watch GT 2 Pro, Night Black",Huawei,1049.9,"1.099,90"
"Smartwatch Huawei Watch GT 2, 46mm, Pebble Brown",Huawei,649.9,
"Smartwatch Huawei Watch GT 2, 46mm, Matte Black",Huawei,599.9,"629,90"
"Smartwatch Huawei Watch GT 2, 42mm, Refined Gold",Huawei,749.9,
"Suport telefon Logic antialunecare pentru bordul masinii, negru",Logic,13.9,
"Casti bluetooth Poss PSTWSNC10, True wireless, Anulare activa a zgomotului, Negru",Poss,199.9,
"Incarcator wireless Hama QI-FC10, Negru",Hama,59.9,
"Husa pentru casti Tellur TLL121935, Negru",Tellur,8.9,
"Cablu date Tellur TLL155344, USB/Type-C, lumina LED, 3A, 1.2 m, Albastru",Tellur,24.9,
"Cablu date Tellur TLL155334, USB/Type-C, lumina LED, 3A, 1.2 m, Rosu",Tellur,24.9,
"Incarcator auto Tellur TLL151251 PD FCC7, QC, 60W max, Negru",Tellur,41.9,
"Incarcator auto Tellur TLL151261 FCC8, 6A, 36W, QC 3.0, Negru",Tellur,34.9,
"Incarcator priza Tellur TLL151221 HC302,  3 x USB, 4.8 A, Negru",Tellur,39,
"Incarcator priza Tellur TLL151211 HC204,  2 x USB, 2.4A, Negru",Tellur,24.9,
"Incarcator wireless cu suport auto si senzor IR Tellur TLL151201, Negru",Tellur,149.9,
"Baterie externa E-boda QC 30, 30.000 mAh, Quick Charge, Negru",E-BODA,153.9,
"Baterie externa E-boda QC 20, 20.000 mAh, Quick Charge, Negru",E-BODA,99.9,
"Baterie externa E-boda Power 10, 10.000 mAh, Type-C, Negru",E-BODA,49.9,
"Casca bluetooth Tellur Vox 50, Multipoint, Negru",Tellur,52.9,
"Casca bluetooth Tellur Vox 10, Multipoint, Negru",Tellur,39.9,"44,90"
"Casti Tellur Ambia True Wireless, Negru",Tellur,229.9,
"Telefon mobil Nokia 5310 (2020), Dual SIM, Black/Red",Nokia,199.9,
"Smartphone Apple iPhone 12 Mini, 128 GB, White",Apple,4049.9,
"Smartphone Apple iPhone 12 Mini, 64 GB, Black",Apple,3499.9,
"Smartphone Samsung Galaxy S21+ 5G, Dual SIM, 256GB, 8GB Ram, Ultra Phantom Violet",Samsung,5349.9,
"Smartphone Samsung Galaxy S21+ 5G, Dual SIM, 256GB, 8GB Ram, Ultra Phantom Black",Samsung,5349.9,
"Smartphone Samsung Galaxy S21+ 5G, Dual SIM, 128GB, 8GB Ram, Ultra Phantom Black",Samsung,5099.9,
"Smartphone Samsung Galaxy S21+ 5G, Dual SIM, 128GB, 8 GB Ram, Ultra Phantom Silver",Samsung,5099.9,
"Smartphone Samsung Galaxy S21 5G, Dual SIM, 256GB, 8GB Ram, Phantom Gray",Samsung,4349.9,
"Smartphone Samsung Galaxy S21 5G, Dual SIM, 128GB, 8GB Ram, Phantom Pink",Samsung,4099.9,
"Smartphone Apple iPhone 12, 64 GB, Black",Apple,4299.9,
"Baterie externa Poss PSPBWC80DBK, 8000 mAh,  incarcare wireless si cu fir, Qi, Negru",Poss,119.9,
"Casti bluetooth sport Poss PSINB04, ultra usoare, 6 ore autonomie, Negru",Poss,54.9,
"Cablu incarcare lightning Poss PSL-1TSR, 1m, Argintiu",Poss,39.9,
"Cablu Poss PSUBC-1RMWH Type-C - Micro USB, 1 m, Alb",Poss,14.9,
"Casti audio in ear Poss PSEAR181NB, microfon, Albastru",Poss,14.9,
"Casti in ear Poss PSEAR181BK, microfon,  Negru",Poss,14.9,
"Incarcator Hama Power Delivery Qualcomm, 3 A, 18 W, negru",Hama,54.9,
"Incarcator Hama Qualcomm Quick Charge 3.0, negru",Hama,52.9,
"Incarcator auto Hama, USB Type-C, QC 3.0, 3 A, negru",Hama,64.9,
"Casti bluetooth in-ear Hama Connect, microfon, carlige ureche, cablu plat, Alb",Hama,59.9,
"Casti audio Hama Basic4Phone, in-ear, microfon, albastru",Hama,24.9,
"Casti audio Hama Intense, in-ear, microfon, cablu plat, alb/gri",Hama,39.9,
"Casti audio Hama Intense, in-ear, microfon, cablu plat, negru",Hama,39.9,
"Cablu Hama Micro USB 2 in1 cu adaptor USB Type-C, 1 m, Negru",Hama,37.9,
"Cablu 4 in 1 Hama Type C cu adaptor micro USB si USB-A, 1.5 m, Negru",Hama,52.9,
"Cablu Micro USB Hama, ecranat, 1.8 m, Negru",Hama,22.9,
"Cablu Hama USB Type C - USB 3.1 A, 1.5 m, Negru",Hama,39.9,
"Cablu de incarcare/date Hama Lightning, 1 m, Alb",Hama,49.9,
"Cablu de incarcare/date Hama Lightning Metal, 1.5 m, Silver",Hama,49.9,
"Cablu de incarcare/date Hama Micro USB, 1 m, Negru",Hama,9.9,
"Cablu de incarcare/date Hama Micro USB Metal, 1.5 m, Albastru",Hama,20.9,
"Cablu de incarcare/date Hama Lightning Metal, 1.5 m, Negru",Hama,39.9,
"Cablu de incarcare/date Hama USB Type C - Lighting, 1 m, Alb",Hama,44.9,
"Casca bluetooth Tellur Vox 5, Negru",Tellur,34.9,"44,90"
"Power bank Poss PSPBWCP100BK, 10000 mAh, Wireless charging Qi, Micro USB, USB C ",Poss,79.9,
"Cablu lightning Tellur TLL155324, Lightning, USB-A, LED, Negru",Tellur,29.9,
"Cablu micro USB Tellur TLL155304, Micro-USB, USB-A, LED, 2 metri, Negru",Tellur,27.9,
"Cablu tip C Tellur TLL155314, Type-C, USB-A, LED ,2 metri, Negru",Tellur,29.9,
Ecran de proiectare pentru telefoane mobile Logic,Logic,69.9,
"Smartphone Allview A20 Max, Dual SIM, 16GB, 3G, Blue",Allview,349.9,
"Statie de incarcare multifunctionala Logic DS100, wireless, microUSB, Lightning, Negru",Logic,89.9,
"Suport de telefon pentru bicicleta Tellur BPH100, 4 - 6.5 inch,  Negru",Tellur,51.9,
"Tableta Huawei Matepad T10, WiFi, ecran 9.7, 32 GB, 2 GB RAM, 5100 mAh, Albastru ",Huawei,679.9,
"Casti bluetooth in-ear TCL Neckband SOCL300, Albastru",TCL,199.9,
"Casti bluetooth in-ear TCL Neckband SOCL300, Negru",TCL,199.9,
"Casti in-ear TCL SOCL300, cu fir, microfon, buton de raspuns, Orange",TCL,56.9,
"Casti in-ear TCL SOCL200, cu fir, microfon, buton de raspuns, Orange",TCL,56.9,
Baterie externa 4000 mAh + ventilator Platinet PRDF6107,PLATINET,62.9,
Baterie externa 1000 mAh Platinet PMPB11LW Leather White,PLATINET,81.9,
Baterie externa 1000 mAh Platinet PMPB11LB Leather Black,PLATINET,81.9,
Baterie externa 10000 mAh Platinet PMPB10WCS Dual wireless Silver,PLATINET,179.9,
Baterie externa 10000 mAh Platinet PMPB10QIB Qi wireless Silver,PLATINET,141.9,
Baterie externa 10000 mAh Platinet PMPB10WCB Dual wireless Black,PLATINET,179.9,
Baterie externa 10000 mAh Platinet PMPB10QB Wireless Black,PLATINET,104.9,
Baterie externa 10000 mAh Platinet PMPB10PAW White,PLATINET,89.9,
"Cablu micro USB Mcdodo Knight 1.5 metri, Negru",Mcdodo,23.9,
"Casti in ear bluetooth Tellur Bound, sport, Negru",Tellur,49.9,"57,90"
"Incarcator Auto Lemontti dual port LEMIAPDQCBK, USB + Quick Charge 3.0, Type-C, Negru",Lemontti,47.9,
Baseus Casca Bluetooth Mini Encok A02 Tarnish (comutare rapida touch),Baseus,39.9,"59,90"
Cablu Knight Type-C Black 1.5m Mcdodo,Mcdodo,37.9,
Set Cabluri USB Type-C 0.5m + 1m Lemontti,Lemontti,36.9,
Cablu Type-C la Lightning MFI Gri 1.5m Lemontti,Lemontti,73.9,
"Casti bluetooth Samsung Galaxy Buds Live, Mystic White, SM-R180NZWAEUE",Samsung,899.9,
"Casti bluetooth Samsung Galaxy Buds Live, Cosmic Black, SM-R180NZKAEUE",Samsung,899.9,
"Casti audio cu microfon Hama Basic4Phone, Negru",Hama,24.9,
"Casca bluetooth Hama MyVoice 1300, in ear, Multipoint, Control vocal, Negru",Hama,74.9,"99,90"
"Adaptor priza universal Spacer SPAD-UNIV, 2 USB",,49.9,
"Suport detasabil de telefon pentru brat Tellur TLL191031, Negru",Tellur,64.9,
"Casti bluetooth Poss BTWS10BK, Negru",Poss,89.9,
"Tableta Allview Viva 803G, Quad-Core, 8 inch, 1GB RAM, 16GB, 3G, Black",Allview,399.9,
"Tableta Allview Viva C703, Quad Core, 7 inch, 1GB RAM, 8GB, Wi-Fi, Black",Allview,249.9,
"Tableta Huawei MatePad T8 4G, Octa-Core, 8 inch, 2GB RAM, 16GB, 4G, Deepsea Blue",Huawei,600,
"Casti in ear cu microfon Skullcandy JIB S2DUYK-343, Negru",SkullCandy,49.9,
"Bratara fitness Hama Fit Track 1900, Negru",Hama,69.9,"99,90"
"Adaptor Hama Micro USB la USB Type C, Negru",Hama,20.9,
"Cablu de date Hama Type-C - OTG, 15cm, Negru",Hama,32.9,
"Incarcator de masina cu prelungitor, 4 x USB, 9.6A, Lungime cablu 1.8m, Negru",Tellur,64.9,
"Telefon mobil Cat B26, Dual SIM, Negru",Cat,259.9,"299,90"
"Smartphone Apple iPhone SE 2, 64GB, 4G, Black",Apple,2299.9,
"Casti bluetooth In-ear Hama Liberobuds,  Negre",Hama,189.9,
"Cablu tip C - tip C Poss PSCC2MBK-18, Negru",Poss,23.9,
"Cablu incarcare 2 in 1 Poss PSMICRO-LWH, MicroUSB, Lightning, Alb",Poss,31.9,
"Cablu MicroUSB Poss PSM-LED-18, 1 Metru, lumini LED, Alb",Poss,22.9,
"Casca bluetotth Philips SHB1202/10, Negru",PHILIPS,99.9,
"Casti in-ear Bluetooth Tellur Sonar, Negru",Tellur,54.9,
Stecher cu 3 iesiri si 2xUsb Dunlop 2.4A 12/24V,,52.9,
"Stecher usb Dunlop, 4 iesiri, 4.8A, 12/24V",,54.9,
Stecher Usb Dunlop 2x2.1A 12/24V,,31.9,
Incarcator auto 2xUsb 2.1A + cablu de incarcare Type C/Micro Usb 1 m Dunlop,,42.9,
"Cablu de incarcare Type C 2A Dunlop, 1m",,21.9,
"Cablu de incarcare micro Usb 2.1A Dunlop, 1m",,13.9,
"Cablu de incarcare MFI Dunlop, Type C, micro Usb 2.1A , 1.2m",,115,
"Cablu de incarcare Dunlop MFI 2.1A , 1.2m",,94.9,
"Telefon mobil seniori E-boda S200D, Dual SIM, Negru",E-BODA,149.9,
"Casti Bluetooth Tellur Mood True Wireless, Bluetooth 5.0, negru",Tellur,149.9,
"Casti In-Ear 184020 Hama Bluetooth Connect , Negru",Hama,74.9,
"Placuta numar telefon Tellur, Capac, Vizibilitate noaptea, Montaj cu banda dublud adeziva",Tellur,23.9,
Suport Auto Clips 360 Lemontti,Lemontti,24.9,
Suport Auto ventilatie Negru Lemontti,Lemontti,18.9,
Lemontti Casti Stereo Ripple 3.5 mm Negru,Lemontti,34.9,
Incarcator Retea Quick Charge Dual USB 3.1A Negru Lemontti,Lemontti,59.9,
Incarcator Auto Dual USB 2.1A Alb cu cablu Type-C Procell ,Procell,39.9,
Cablu Type-C la Type-C 1.5m Gri Lemontti,Lemontti,26.9,
"Casti in ear PSEAR181PK Poss, Roz",Poss,14.9,
"Casti in ear PSEAR181WH Poss, Alb",Poss,14.9,
"Casti in ear PSEAR181GN Poss, Verde",Poss,14.9,
Cablu USB la Type-C 1m Alb Procell,Procell,15.9,
Telefon mobil Nokia 105 (2019) Roz,Nokia,99.9,
Telefon mobil Nokia 105 (2019) Albastru,Nokia,99.9,
Telefon mobil Nokia 105 (2019) Negru,Nokia,99.9,
"Ceas Smartwatch E-BODA Smart Time 450, Touch, Display 1.3"", Bluetooth, Negru",E-BODA,139.9,
"Baterie externa PSPB60DBK Poss, 6000 mAh, Negru",Poss,44.9,
"Baterie externa compacta Tellur, 30000 mAh, Negru",Tellur,129.9,
"Baterie externa PBC2 Tellur, 10000 mAh, Negru",Tellur,59.9,
"Smartphone Allview A10 Max, Dual SIM, MicroSIM/NanoSIM, 16GB, 3G, 5.9"", MicroUSB,  Turcoaz Gradient",Allview,399.9,
"Casca in-ear cu fir TCM115E Panasonic, Roz",Panasonic,49.9,
"Casca in-ear cu fir TCM115E Panasonic, Negru",Panasonic,49.9,
"Casti MWP22ZM/A Apple AirPods Pro, True Wireless Bluetooth, In-Ear, Microfon, Noise Cancelling, Alb",Apple,1179.9,"1.249,90"
"Incarcator 173674  Hama, Wireless, Cablu MicroUSB, 1A, Universal, Negru",Hama,39.9,
"Casti In-ear Fly Tellur,Cu fir 1.2m, Jack 3.5 mm, Alb",Tellur,24.9,
"Casti In-ear Magiq Tellur, Cu fir 1.2m, Jack 3.5 mm, Microfon, Albastru",Tellur,24.9,
"Casti In-ear Magiq Tellur, Cu fir 1.2m, Jack 3.5 mm, Microfon, Roz",Tellur,24.9,
"Casti In-ear Fly Tellur,Cu fir 1.2m, Jack 3.5 mm, Roz",Tellur,24.9,
"Casti In-ear Fly Tellur,Cu fir 1.2m, Jack 3.5 mm, Albastru",Tellur,24.9,
"Casti In-ear Fly Tellur,Cu fir 1.2m, Jack 3.5 mm, Negru",Tellur,24.9,
"Casti in-ear Macaron Tellur, Cu fir 1.2m,  Jack 3.5 mm, Microfon, Albastru",Tellur,24.9,
"Casti in-ear Macaron Tellur, Cu fir 1.2m,  Jack 3.5 mm, Microfon, Roz",Tellur,24.9,
"Casca Bluetooth Argo Tellur, Raza de actiune 10m, Convorbire 6h, Muzica 5.5, Incarcarare  2h, Standby 135, Negru",Tellur,29.9,"33,90"
"Telefon mobil Alcatel 1066D, Dual SIM, Black",Alcatel,99.9,
"Casca Bluetooth Tellur TLL511251 Basic Monos, Bluetooth 4.2, 10m Raza de actiune, Autonomie 3.5, Negru",Tellur,19.9,"22,90"
"Telefon mobil Allview D2 Senior, Dual Sim, Black",Allview,119.9,
"Smartwatch Smart time 150 E-boda, Negru",E-BODA,59.9,
"Adaptor Splitter Bricheta Auto TLL321031 Tellur , 2 Prize, 2 USB, 1 Type-C, Negru",Tellur,64.9,
"Casti In-ear PSINTM11 Poss, Microfon, jack 3.5mm, Alb",Poss,19.9,
"Casti In-ear PSINTM11 Poss, Microfon, jack 3.5mm, Negru",Poss,19.9,
"Smartwatch Smart Time 360 E-boda, Display LCD, Autonomie pana la 15 zile, IP67",E-BODA,179.9,
"Casti sport 177096 Active Hama, In-Ear, Bluetooth, Microfon, Albastru/Negru",Hama,64.9,"74,90"
"Incarcator Priza CML QC 102 E-boda, Alb",E-BODA,56.9,
"Bec inteligent LED E27 Tellur, Wireless, 10W, 1000lm, Lumina Alba Rece/Calda, RGB, Reglabil, Reglabil, Compatibil iOS/Android",Tellur,89.9,
"Bec inteligent LED E27 Tellur, Wireless, 10W, 1000lm, Lumina Alba Rece/Calda, Reglabil, Compatibil iOS/Android",Tellur,89.9,
"Casca bluetooth Talk 15, Jabra, Negru",Jabra,119.9,
"Suport auto TLL171061Tellur pentru tetiera, Universal, Negru",Tellur,59.9,
"Incarcator auto Lemontti, 2 x USB, 3.4 A",Lemontti,26.9,
"Cablu microUSB cu adaptor Type-C QC301 CML E-boda, Alb",E-BODA,7.9,
"Cablu microUSB cu adaptor Type-C QC301 CML E-boda, Albastru",E-BODA,7.9,
"Cablu microUSB cu adaptor Type-C QC301 CML E-boda, Negru",E-BODA,7.9,
"Suport Auto pentru Telefon CML QC 401 E-Boda, Grila Ventilatie Universal, Rotatie 360 grade, Rosu",E-BODA,10.9,
"Suport Auto pentru Telefon CML QC 401 E-Boda, Grila Ventilatie Universal, Rotatie 360 grade, Albastru",E-BODA,10.9,
"Baterie portabila TLL158211 Compact Tellur, 20000 mAh, Universala, Output 2x 2.1A, Input 5V/2A MicroUSB, Negru",Tellur,79.9,
"Incarcator auto wireless TLL171081 Tellur, Negru",Tellur,99.9,
"Tableta Allview AX503, 3G, Ecran 7"", 1024 x 600 pixeli, Procesor Quad-Core, Baterie 2800 mAh",Allview,279.9,
Casca bluetooth Talk 5 Jabra,Jabra,79.9,
"Incarcator retea Procell, 2 x USB, 2.1 A",Procell,38.9,
"Incarcator retea Lemontti, 2 X USB, 2.4 A",Lemontti,29.9,
"Incarcator retea Procell, 1 A",Procell,16.9,
"Incarcator auto Lemontti, 2 X Type-C",Lemontti,52.9,
"Incarcator auto Lemontti, 2 X QC",Lemontti,49.9,
"Incarcator auto Lemontti, 2 X Type-C, 3.1 A",Lemontti,42.9,
"Incarcator auto Mcdodo, 2 X QC, 5.4 A",Mcdodo,49.9,
"Incarcator auto Lemontti, 2X, USB, 3.1 A",Lemontti,34.9,
"Cablu jack 3.5MM Lemontti, 1 m",Lemontti,15.9,
"Cablu MFI lighting Mcdodo, 1.2 m",Mcdodo,59.9,
"Cablu MFI lighting Lemontti, 1.5 m",Lemontti,54.9,
"Cablu type-C Lemontti, 1.5 m",Lemontti,29.9,
"Cablu type-C Devia, smart, 1 m",Devia,28.9,
"Cablu microusb Lemontti, 1.5 m",Lemontti,19.9,
"Cablu microusb Procell, 1 m, alb",Procell,13.9,
"Suport auto Mcdodo, magnet, adeziv",Mcdodo,50.9,
"Suport auto Mcdodo mini, magnetic, ventilatie",Mcdodo,34.9,
"Suport auto Mcdodo, magnetic, ventilatie, 360 grade",Mcdodo,50.9,
"Casti In-ear Urban Tellur, Negru",Tellur,19.9,
"Suport auto FRF Tellur, Clips",Tellur,15.9,
"Casti In-ear PSINTSP1 RD Poss, 1.2m, microfon, jack 3.5mm, Rosu",Poss,19.9,
"Adaptor Type C Tellur, MicroUSB, Negru",Tellur,12.9,
"Adaptor Type C PSUSBC-AD Poss, MicroUSB, Argintiu",Poss,10.9,
Incarcator retea 2A AFC Type-C Samsung,Samsung,60.9,
"Incarcator auto Procell, 2 X USB, 2.1 A",Procell,19.9,
"Incarcator auto Procell, microusb",Procell,12.9,
"Casti Lightning Apple, Alb",Apple,159.9,
"Casti In-ear Urban Tellur, Alb",Tellur,19.9,
"Telefon mobil E-Boda T310, Dual Sim, 3G",E-BODA,149.9,
"Telefon mobil Freeman T301, Negru, Dual Sim",Freeman,79.9,"99,90"
"Telefon mobil Freeman T301, Albastru, Dual Sim",Freeman,79.9,"99,90"
"Telefon mobil Maxcom MM428, Gri/rosu, Dual Sim",Maxcom,89.9,
